<?xml version="1.0" encoding="UTF-8"?>
<project-private xmlns="http://www.netbeans.org/ns/project-private/1">
    <editor-bookmarks xmlns="http://www.netbeans.org/ns/editor-bookmarks/2" lastBookmarkId="0"/>
    <open-files xmlns="http://www.netbeans.org/ns/projectui-open-files/2">
        <group>
            <file>file:/home/kingdragon/Desktop/NetBeansProjects/tresorerie/tresorerie/src/BaseDonne.java</file>
            <file>file:/home/kingdragon/Desktop/NetBeansProjects/tresorerie/tresorerie/src/attestation_RIB.java</file>
            <file>file:/home/kingdragon/Desktop/NetBeansProjects/tresorerie/tresorerie/src/aff.java</file>
            <file>file:/home/kingdragon/Desktop/NetBeansProjects/tresorerie/tresorerie/src/Suppression.java</file>
            <file>file:/home/kingdragon/Desktop/NetBeansProjects/tresorerie/tresorerie/src/modification.java</file>
            <file>file:/home/kingdragon/Desktop/NetBeansProjects/tresorerie/tresorerie/src/chercher.java</file>
        </group>
    </open-files>
</project-private>
