<?xml version="1.0" encoding="UTF-8"?>
<project-private xmlns="http://www.netbeans.org/ns/project-private/1">
    <editor-bookmarks xmlns="http://www.netbeans.org/ns/editor-bookmarks/2" lastBookmarkId="0"/>
    <open-files xmlns="http://www.netbeans.org/ns/projectui-open-files/2">
        <group>
            <file>file:/home/kingdragon/Desktop/NetBeansProjects/AppStage/src/appstage/HomeFxmlController.java</file>
            <file>file:/home/kingdragon/Desktop/NetBeansProjects/AppStage/src/appstage/AppStage.java</file>
            <file>file:/home/kingdragon/Desktop/NetBeansProjects/AppStage/src/appstage/FXMLAjouterController.java</file>
            <file>file:/home/kingdragon/Desktop/NetBeansProjects/AppStage/src/appstage/MyException.java</file>
        </group>
    </open-files>
</project-private>
